instance_id,name,doctype,url
DOC-0001,Doc-001,KB,https://example.com/docs/1
DOC-0002,Doc-002,Runbook,https://example.com/docs/2
DOC-0003,Doc-003,Runbook,https://example.com/docs/3
DOC-0004,Doc-004,SOP,https://example.com/docs/4
DOC-0005,Doc-005,Design,https://example.com/docs/5
DOC-0006,Doc-006,SOP,https://example.com/docs/6
DOC-0007,Doc-007,Design,https://example.com/docs/7
DOC-0008,Doc-008,Runbook,https://example.com/docs/8
DOC-0009,Doc-009,KB,https://example.com/docs/9
DOC-0010,Doc-010,SOP,https://example.com/docs/10
DOC-0011,Doc-011,SOP,https://example.com/docs/11
DOC-0012,Doc-012,Runbook,https://example.com/docs/12
DOC-0013,Doc-013,Design,https://example.com/docs/13
DOC-0014,Doc-014,SOP,https://example.com/docs/14
DOC-0015,Doc-015,Design,https://example.com/docs/15
DOC-0016,Doc-016,SOP,https://example.com/docs/16
DOC-0017,Doc-017,KB,https://example.com/docs/17
DOC-0018,Doc-018,Runbook,https://example.com/docs/18
DOC-0019,Doc-019,Design,https://example.com/docs/19
DOC-0020,Doc-020,Runbook,https://example.com/docs/20
DOC-0021,Doc-021,Runbook,https://example.com/docs/21
DOC-0022,Doc-022,Design,https://example.com/docs/22
DOC-0023,Doc-023,Design,https://example.com/docs/23
DOC-0024,Doc-024,SOP,https://example.com/docs/24
DOC-0025,Doc-025,Design,https://example.com/docs/25
DOC-0026,Doc-026,Runbook,https://example.com/docs/26
DOC-0027,Doc-027,Runbook,https://example.com/docs/27
DOC-0028,Doc-028,Design,https://example.com/docs/28
DOC-0029,Doc-029,Design,https://example.com/docs/29
DOC-0030,Doc-030,SOP,https://example.com/docs/30
DOC-0031,Doc-031,SOP,https://example.com/docs/31
DOC-0032,Doc-032,SOP,https://example.com/docs/32
DOC-0033,Doc-033,Runbook,https://example.com/docs/33
DOC-0034,Doc-034,Design,https://example.com/docs/34
DOC-0035,Doc-035,KB,https://example.com/docs/35
DOC-0036,Doc-036,Design,https://example.com/docs/36
DOC-0037,Doc-037,Design,https://example.com/docs/37
DOC-0038,Doc-038,SOP,https://example.com/docs/38
DOC-0039,Doc-039,KB,https://example.com/docs/39
DOC-0040,Doc-040,Design,https://example.com/docs/40
DOC-0041,Doc-041,KB,https://example.com/docs/41
DOC-0042,Doc-042,KB,https://example.com/docs/42
DOC-0043,Doc-043,Design,https://example.com/docs/43
DOC-0044,Doc-044,SOP,https://example.com/docs/44
DOC-0045,Doc-045,SOP,https://example.com/docs/45
DOC-0046,Doc-046,Design,https://example.com/docs/46
DOC-0047,Doc-047,KB,https://example.com/docs/47
DOC-0048,Doc-048,KB,https://example.com/docs/48
DOC-0049,Doc-049,SOP,https://example.com/docs/49
DOC-0050,Doc-050,SOP,https://example.com/docs/50
DOC-0051,Doc-051,SOP,https://example.com/docs/51
DOC-0052,Doc-052,KB,https://example.com/docs/52
DOC-0053,Doc-053,KB,https://example.com/docs/53
DOC-0054,Doc-054,SOP,https://example.com/docs/54
DOC-0055,Doc-055,SOP,https://example.com/docs/55
DOC-0056,Doc-056,KB,https://example.com/docs/56
DOC-0057,Doc-057,Runbook,https://example.com/docs/57
DOC-0058,Doc-058,KB,https://example.com/docs/58
DOC-0059,Doc-059,Design,https://example.com/docs/59
DOC-0060,Doc-060,Design,https://example.com/docs/60
DOC-0061,Doc-061,KB,https://example.com/docs/61
DOC-0062,Doc-062,Design,https://example.com/docs/62
DOC-0063,Doc-063,Runbook,https://example.com/docs/63
DOC-0064,Doc-064,Runbook,https://example.com/docs/64
DOC-0065,Doc-065,Runbook,https://example.com/docs/65
DOC-0066,Doc-066,Design,https://example.com/docs/66
DOC-0067,Doc-067,SOP,https://example.com/docs/67
DOC-0068,Doc-068,Runbook,https://example.com/docs/68
DOC-0069,Doc-069,Runbook,https://example.com/docs/69
DOC-0070,Doc-070,SOP,https://example.com/docs/70
DOC-0071,Doc-071,KB,https://example.com/docs/71
DOC-0072,Doc-072,SOP,https://example.com/docs/72
DOC-0073,Doc-073,KB,https://example.com/docs/73
DOC-0074,Doc-074,KB,https://example.com/docs/74
DOC-0075,Doc-075,SOP,https://example.com/docs/75
DOC-0076,Doc-076,Runbook,https://example.com/docs/76
DOC-0077,Doc-077,KB,https://example.com/docs/77
DOC-0078,Doc-078,SOP,https://example.com/docs/78
DOC-0079,Doc-079,Runbook,https://example.com/docs/79
DOC-0080,Doc-080,KB,https://example.com/docs/80
DOC-0081,Doc-081,Design,https://example.com/docs/81
DOC-0082,Doc-082,Runbook,https://example.com/docs/82
DOC-0083,Doc-083,SOP,https://example.com/docs/83
DOC-0084,Doc-084,Design,https://example.com/docs/84
DOC-0085,Doc-085,SOP,https://example.com/docs/85
DOC-0086,Doc-086,KB,https://example.com/docs/86
DOC-0087,Doc-087,Runbook,https://example.com/docs/87
DOC-0088,Doc-088,Design,https://example.com/docs/88
DOC-0089,Doc-089,Design,https://example.com/docs/89
DOC-0090,Doc-090,Design,https://example.com/docs/90
DOC-0091,Doc-091,KB,https://example.com/docs/91
DOC-0092,Doc-092,Runbook,https://example.com/docs/92
DOC-0093,Doc-093,Runbook,https://example.com/docs/93
DOC-0094,Doc-094,KB,https://example.com/docs/94
DOC-0095,Doc-095,SOP,https://example.com/docs/95
DOC-0096,Doc-096,Design,https://example.com/docs/96
DOC-0097,Doc-097,SOP,https://example.com/docs/97
DOC-0098,Doc-098,KB,https://example.com/docs/98
DOC-0099,Doc-099,SOP,https://example.com/docs/99
DOC-0100,Doc-100,SOP,https://example.com/docs/100
DOC-0101,Doc-101,KB,https://example.com/docs/101
DOC-0102,Doc-102,Design,https://example.com/docs/102
DOC-0103,Doc-103,SOP,https://example.com/docs/103
DOC-0104,Doc-104,Runbook,https://example.com/docs/104
DOC-0105,Doc-105,SOP,https://example.com/docs/105
DOC-0106,Doc-106,SOP,https://example.com/docs/106
DOC-0107,Doc-107,Runbook,https://example.com/docs/107
DOC-0108,Doc-108,Design,https://example.com/docs/108
DOC-0109,Doc-109,Runbook,https://example.com/docs/109
DOC-0110,Doc-110,Design,https://example.com/docs/110
DOC-0111,Doc-111,KB,https://example.com/docs/111
DOC-0112,Doc-112,KB,https://example.com/docs/112
DOC-0113,Doc-113,SOP,https://example.com/docs/113
DOC-0114,Doc-114,SOP,https://example.com/docs/114
DOC-0115,Doc-115,KB,https://example.com/docs/115
DOC-0116,Doc-116,Runbook,https://example.com/docs/116
DOC-0117,Doc-117,KB,https://example.com/docs/117
DOC-0118,Doc-118,Design,https://example.com/docs/118
DOC-0119,Doc-119,SOP,https://example.com/docs/119
DOC-0120,Doc-120,Runbook,https://example.com/docs/120
DOC-0121,Doc-121,SOP,https://example.com/docs/121
DOC-0122,Doc-122,KB,https://example.com/docs/122
DOC-0123,Doc-123,Runbook,https://example.com/docs/123
DOC-0124,Doc-124,KB,https://example.com/docs/124
DOC-0125,Doc-125,Design,https://example.com/docs/125
DOC-0126,Doc-126,KB,https://example.com/docs/126
DOC-0127,Doc-127,Runbook,https://example.com/docs/127
DOC-0128,Doc-128,KB,https://example.com/docs/128
DOC-0129,Doc-129,SOP,https://example.com/docs/129
DOC-0130,Doc-130,SOP,https://example.com/docs/130
DOC-0131,Doc-131,Runbook,https://example.com/docs/131
DOC-0132,Doc-132,SOP,https://example.com/docs/132
DOC-0133,Doc-133,Design,https://example.com/docs/133
DOC-0134,Doc-134,Design,https://example.com/docs/134
DOC-0135,Doc-135,Runbook,https://example.com/docs/135
DOC-0136,Doc-136,KB,https://example.com/docs/136
DOC-0137,Doc-137,SOP,https://example.com/docs/137
DOC-0138,Doc-138,SOP,https://example.com/docs/138
DOC-0139,Doc-139,KB,https://example.com/docs/139
DOC-0140,Doc-140,KB,https://example.com/docs/140
DOC-0141,Doc-141,KB,https://example.com/docs/141
DOC-0142,Doc-142,KB,https://example.com/docs/142
DOC-0143,Doc-143,SOP,https://example.com/docs/143
DOC-0144,Doc-144,Design,https://example.com/docs/144
DOC-0145,Doc-145,Runbook,https://example.com/docs/145
DOC-0146,Doc-146,Runbook,https://example.com/docs/146
DOC-0147,Doc-147,KB,https://example.com/docs/147
DOC-0148,Doc-148,Design,https://example.com/docs/148
DOC-0149,Doc-149,SOP,https://example.com/docs/149
DOC-0150,Doc-150,SOP,https://example.com/docs/150
