from_instance_id,to_instance_id,dependency
APP-0124,DB-0010,Writes
APP-0055,DB-0133,Reads
APP-0088,DB-0082,Reporting
APP-0039,DB-0045,Reads
APP-0137,DB-0023,Reporting
APP-0064,DB-0100,Reads
APP-0005,DB-0011,Reads
APP-0041,DB-0109,Reads
APP-0101,DB-0138,Reads
APP-0016,DB-0070,Reporting
APP-0019,DB-0017,Cache
APP-0126,DB-0014,Reads
APP-0097,DB-0107,Writes
APP-0091,DB-0057,Reads
APP-0083,DB-0114,Reporting
APP-0129,DB-0033,Reads
APP-0015,DB-0064,Cache
APP-0143,DB-0017,Reporting
APP-0065,DB-0089,Reads
APP-0028,DB-0054,Reads
APP-0115,DB-0113,Reads
APP-0030,DB-0070,Reads
APP-0087,DB-0126,Cache
APP-0039,DB-0069,Reporting
APP-0089,DB-0094,Reporting
APP-0129,DB-0047,Reads
APP-0128,DB-0118,Reporting
APP-0129,DB-0040,Writes
APP-0095,DB-0058,Reads
APP-0093,DB-0032,Reporting
APP-0054,DB-0122,Reporting
APP-0035,DB-0087,Reporting
APP-0029,DB-0041,Reporting
APP-0125,DB-0062,Reads
APP-0082,DB-0076,Cache
APP-0094,DB-0110,Reads
APP-0149,DB-0141,Reporting
APP-0138,DB-0013,Cache
APP-0131,DB-0051,Writes
APP-0062,DB-0135,Reads
APP-0068,DB-0133,Reads
APP-0020,DB-0108,Reads
APP-0015,DB-0090,Reads
APP-0076,DB-0135,Writes
APP-0124,DB-0013,Writes
APP-0123,DB-0100,Cache
APP-0043,DB-0065,Cache
APP-0074,DB-0051,Reporting
APP-0040,DB-0004,Reporting
APP-0114,DB-0050,Reporting
APP-0074,DB-0144,Writes
APP-0092,DB-0040,Writes
APP-0135,DB-0019,Writes
APP-0003,DB-0118,Reads
APP-0020,DB-0064,Reads
APP-0150,DB-0135,Writes
APP-0089,DB-0009,Cache
APP-0099,DB-0071,Reporting
APP-0106,DB-0026,Cache
APP-0007,DB-0135,Cache
APP-0087,DB-0109,Writes
APP-0106,DB-0092,Writes
APP-0147,DB-0014,Reporting
APP-0041,DB-0068,Cache
APP-0116,DB-0039,Cache
APP-0128,DB-0145,Cache
APP-0066,DB-0131,Cache
APP-0054,DB-0026,Reads
APP-0142,DB-0068,Writes
APP-0148,DB-0113,Reads
APP-0087,DB-0121,Writes
APP-0133,DB-0087,Reads
APP-0060,DB-0063,Reporting
APP-0096,DB-0105,Cache
APP-0069,DB-0073,Writes
APP-0031,DB-0007,Writes
APP-0088,DB-0004,Writes
APP-0121,DB-0106,Reads
APP-0032,DB-0133,Cache
APP-0096,DB-0013,Writes
APP-0011,DB-0062,Reporting
APP-0148,DB-0104,Reporting
APP-0148,DB-0121,Cache
APP-0134,DB-0041,Cache
APP-0080,DB-0119,Cache
APP-0077,DB-0129,Reporting
APP-0123,DB-0041,Cache
APP-0135,DB-0134,Writes
APP-0082,DB-0148,Reads
APP-0035,DB-0021,Reporting
APP-0006,DB-0015,Reads
APP-0138,DB-0015,Reporting
APP-0116,DB-0089,Writes
APP-0067,DB-0045,Reads
APP-0039,DB-0106,Writes
APP-0092,DB-0057,Writes
APP-0133,DB-0069,Reporting
APP-0118,DB-0074,Writes
APP-0059,DB-0029,Writes
APP-0015,DB-0055,Reporting
APP-0034,DB-0116,Cache
APP-0036,DB-0126,Reporting
APP-0149,DB-0044,Writes
APP-0097,DB-0043,Reporting
APP-0057,DB-0079,Writes
APP-0006,DB-0008,Reads
APP-0076,DB-0057,Cache
APP-0047,DB-0014,Reads
APP-0143,DB-0033,Reads
APP-0003,DB-0032,Cache
APP-0068,DB-0040,Reads
APP-0072,DB-0102,Reads
APP-0099,DB-0114,Writes
APP-0108,DB-0102,Cache
APP-0102,DB-0064,Reporting
APP-0137,DB-0011,Writes
APP-0032,DB-0094,Cache
APP-0025,DB-0050,Reads
APP-0050,DB-0007,Reads
APP-0111,DB-0113,Writes
APP-0082,DB-0092,Writes
APP-0072,DB-0003,Cache
APP-0078,DB-0132,Writes
APP-0084,DB-0076,Writes
APP-0101,DB-0125,Cache
APP-0096,DB-0103,Writes
APP-0085,DB-0111,Cache
APP-0127,DB-0021,Writes
APP-0050,DB-0039,Writes
APP-0090,DB-0130,Writes
APP-0081,DB-0034,Reads
APP-0049,DB-0020,Writes
APP-0021,DB-0101,Cache
APP-0115,DB-0143,Reads
APP-0021,DB-0080,Reads
APP-0096,DB-0052,Writes
APP-0012,DB-0086,Reporting
APP-0135,DB-0030,Reads
APP-0109,DB-0057,Cache
APP-0082,DB-0016,Writes
APP-0063,DB-0133,Cache
APP-0076,DB-0131,Reporting
APP-0115,DB-0150,Writes
APP-0111,DB-0025,Cache
APP-0146,DB-0134,Cache
APP-0130,DB-0080,Writes
APP-0096,DB-0129,Reporting
APP-0027,DB-0091,Reads
APP-0093,DB-0074,Reads
APP-0003,DB-0050,Writes
