from_instance_id,to_instance_id,purpose
DOC-0001,APP-0141,HowTo
DOC-0002,DB-0051,Runbook
DOC-0003,CS-0093,Runbook
DOC-0004,DB-0031,HowTo
DOC-0005,DB-0056,HowTo
DOC-0006,CS-0009,KB
DOC-0007,DB-0112,Runbook
DOC-0008,APP-0146,Design
DOC-0009,DB-0128,HowTo
DOC-0010,DB-0049,HowTo
DOC-0011,DB-0039,KB
DOC-0012,APP-0020,Runbook
DOC-0013,CS-0055,HowTo
DOC-0014,CS-0037,Design
DOC-0015,APP-0150,HowTo
DOC-0016,CS-0099,KB
DOC-0017,DB-0009,Design
DOC-0018,CS-0030,KB
DOC-0019,CS-0066,KB
DOC-0020,CS-0012,Runbook
DOC-0021,DB-0137,Design
DOC-0022,DB-0046,Design
DOC-0023,CS-0111,Runbook
DOC-0024,CS-0141,KB
DOC-0025,APP-0061,KB
DOC-0026,CS-0106,HowTo
DOC-0027,APP-0015,Runbook
DOC-0028,DB-0072,Design
DOC-0029,DB-0126,KB
DOC-0030,DB-0112,HowTo
DOC-0031,APP-0040,HowTo
DOC-0032,DB-0131,Design
DOC-0033,DB-0148,KB
DOC-0034,CS-0049,Design
DOC-0035,CS-0008,KB
DOC-0036,APP-0129,HowTo
DOC-0037,DB-0025,Runbook
DOC-0038,CS-0080,Runbook
DOC-0039,DB-0110,Runbook
DOC-0040,APP-0034,HowTo
DOC-0041,DB-0132,KB
DOC-0042,CS-0029,Runbook
DOC-0043,CS-0076,HowTo
DOC-0044,APP-0137,KB
DOC-0045,APP-0134,HowTo
DOC-0046,CS-0025,KB
DOC-0047,CS-0098,Runbook
DOC-0048,CS-0077,KB
DOC-0049,DB-0077,Design
DOC-0050,CS-0144,Design
DOC-0051,APP-0065,Runbook
DOC-0052,DB-0040,KB
DOC-0053,DB-0076,Design
DOC-0054,CS-0071,HowTo
DOC-0055,DB-0023,Design
DOC-0056,APP-0125,HowTo
DOC-0057,CS-0032,Runbook
DOC-0058,DB-0026,HowTo
DOC-0059,DB-0125,HowTo
DOC-0060,DB-0150,KB
DOC-0061,DB-0129,Design
DOC-0062,CS-0150,KB
DOC-0063,DB-0026,Runbook
DOC-0064,CS-0121,KB
DOC-0065,CS-0145,HowTo
DOC-0066,CS-0115,HowTo
DOC-0067,CS-0140,HowTo
DOC-0068,CS-0047,HowTo
DOC-0069,DB-0122,HowTo
DOC-0070,CS-0001,Runbook
DOC-0071,APP-0013,KB
DOC-0072,APP-0028,HowTo
DOC-0073,DB-0145,HowTo
DOC-0074,CS-0076,KB
DOC-0075,CS-0119,HowTo
DOC-0076,APP-0073,Design
DOC-0077,DB-0038,KB
DOC-0078,DB-0059,HowTo
DOC-0079,APP-0059,KB
DOC-0080,CS-0054,Design
DOC-0081,APP-0007,KB
DOC-0082,CS-0020,KB
DOC-0083,APP-0057,KB
DOC-0084,DB-0069,KB
DOC-0085,CS-0105,KB
DOC-0086,CS-0082,KB
DOC-0087,APP-0091,Runbook
DOC-0088,APP-0126,HowTo
DOC-0089,DB-0102,HowTo
DOC-0090,APP-0077,KB
DOC-0091,APP-0068,Design
DOC-0092,APP-0142,Design
DOC-0093,APP-0038,KB
DOC-0094,CS-0003,Design
DOC-0095,CS-0062,KB
DOC-0096,CS-0056,HowTo
DOC-0097,CS-0084,Runbook
DOC-0098,CS-0064,Design
DOC-0099,APP-0013,KB
DOC-0100,APP-0144,KB
DOC-0101,DB-0134,Design
DOC-0102,APP-0042,KB
DOC-0103,APP-0116,Runbook
DOC-0104,APP-0132,Runbook
DOC-0105,CS-0043,KB
DOC-0106,DB-0146,HowTo
DOC-0107,CS-0078,KB
DOC-0108,APP-0043,Design
DOC-0109,DB-0142,KB
DOC-0110,DB-0002,Design
DOC-0111,DB-0021,Runbook
DOC-0112,DB-0003,KB
DOC-0113,APP-0147,HowTo
DOC-0114,CS-0103,KB
DOC-0115,CS-0007,Design
DOC-0116,DB-0145,Runbook
DOC-0117,DB-0087,HowTo
DOC-0118,APP-0006,KB
DOC-0119,DB-0047,HowTo
DOC-0120,APP-0146,HowTo
DOC-0121,DB-0047,HowTo
DOC-0122,CS-0002,Runbook
DOC-0123,CS-0018,KB
DOC-0124,APP-0082,Runbook
DOC-0125,DB-0062,HowTo
DOC-0126,APP-0093,HowTo
DOC-0127,APP-0094,Design
DOC-0128,DB-0132,Design
DOC-0129,DB-0090,KB
DOC-0130,DB-0122,Design
DOC-0131,DB-0033,KB
DOC-0132,DB-0086,Runbook
DOC-0133,CS-0080,Design
DOC-0134,CS-0068,Design
DOC-0135,DB-0016,HowTo
DOC-0136,DB-0072,KB
DOC-0137,DB-0136,Design
DOC-0138,CS-0045,HowTo
DOC-0139,APP-0043,Runbook
DOC-0140,CS-0028,Runbook
DOC-0141,DB-0101,KB
DOC-0142,DB-0110,KB
DOC-0143,DB-0063,Design
DOC-0144,DB-0023,KB
DOC-0145,CS-0113,HowTo
DOC-0146,APP-0090,HowTo
DOC-0147,DB-0033,HowTo
DOC-0148,CS-0095,KB
DOC-0149,CS-0069,Runbook
DOC-0150,APP-0014,HowTo
